{"cameraMode":{"drawMode":0,"name":"Shaded","section":"Shading Mode"},"sceneLighting":true,"audioPlay":false,"sceneViewState":{"showFog":true,"showMaterialUpdate":false,"showSkybox":true,"showFlares":true,"showImageEffects":true,"showParticleSystems":true},"in2DMode":false,"pivot":{"x":21.220298767089845,"y":-28.545555114746095,"z":259.6436462402344},"rotation":{"x":-0.08270253986120224,"y":-0.017342355102300645,"z":0.0014394524041563273,"w":-0.9964237213134766},"size":388.6484680175781,"orthographic":false}