{"cameraMode":{"drawMode":0,"name":"Shaded","section":"Shading Mode"},"sceneLighting":true,"audioPlay":false,"sceneViewState":{"showFog":true,"showMaterialUpdate":false,"showSkybox":true,"showFlares":true,"showImageEffects":true,"showParticleSystems":true},"in2DMode":false,"pivot":{"x":457.04278564453127,"y":158.40228271484376,"z":840.8910522460938},"rotation":{"x":-0.021168265491724016,"y":0.1143212839961052,"z":-0.002436707727611065,"w":-0.9932198524475098},"size":1798.6102294921875,"orthographic":false}