{"cameraMode":{"drawMode":0,"name":"Shaded","section":"Shading Mode"},"sceneLighting":true,"audioPlay":false,"sceneViewState":{"showFog":true,"showMaterialUpdate":false,"showSkybox":true,"showFlares":true,"showImageEffects":true,"showParticleSystems":true},"in2DMode":false,"pivot":{"x":0.00820453092455864,"y":-1.135406255722046,"z":1.2133941650390626},"rotation":{"x":-0.38112765550613406,"y":0.4683052599430084,"z":-0.23424743115901948,"w":-0.7619474530220032},"size":18.18844985961914,"orthographic":false}