{"cameraMode":{"drawMode":0,"name":"Shaded","section":"Shading Mode"},"sceneLighting":true,"audioPlay":false,"sceneViewState":{"showFog":true,"showMaterialUpdate":false,"showSkybox":true,"showFlares":true,"showImageEffects":true,"showParticleSystems":true},"in2DMode":false,"pivot":{"x":-1.0838844776153565,"y":-3.875671625137329,"z":3.280829668045044},"rotation":{"x":-0.3998032212257385,"y":0.006047077476978302,"z":-0.002637830562889576,"w":-0.9165834784507752},"size":18.18844985961914,"orthographic":false}