{"cameraMode":{"drawMode":0,"name":"Shaded","section":"Shading Mode"},"sceneLighting":true,"audioPlay":false,"sceneViewState":{"showFog":true,"showMaterialUpdate":false,"showSkybox":true,"showFlares":true,"showImageEffects":true,"showParticleSystems":true},"in2DMode":false,"pivot":{"x":-8.970868110656739,"y":-1.1772494316101075,"z":-6.078216552734375},"rotation":{"x":-0.022507792338728906,"y":0.9562733769416809,"z":-0.07648161798715592,"w":-0.28140977025032046},"size":18.18844985961914,"orthographic":false}