{"cameraMode":{"drawMode":0,"name":"Shaded","section":"Shading Mode"},"sceneLighting":true,"audioPlay":false,"sceneViewState":{"showFog":true,"showMaterialUpdate":false,"showSkybox":true,"showFlares":true,"showImageEffects":true,"showParticleSystems":true},"in2DMode":false,"pivot":{"x":439.0736389160156,"y":219.4173583984375,"z":35.85107421875},"rotation":{"x":-0.07972647249698639,"y":0.0005946742021478713,"z":-0.000056636068620719016,"w":-0.996839165687561},"size":744.2620849609375,"orthographic":false}