{"cameraMode":{"drawMode":0,"name":"Shaded","section":"Shading Mode"},"sceneLighting":true,"audioPlay":false,"sceneViewState":{"showFog":true,"showMaterialUpdate":false,"showSkybox":true,"showFlares":true,"showImageEffects":true,"showParticleSystems":true},"in2DMode":false,"pivot":{"x":-2.1115520000457765,"y":4.430469989776611,"z":-6.476419925689697},"rotation":{"x":-0.3467811346054077,"y":0.02869272232055664,"z":-0.010613824240863324,"w":-0.9374490976333618},"size":14.084564208984375,"orthographic":false}